ISO3,Country,Fertility_Rate
BEL,Belgium,1.51125
BLR,Belarus,1.278
CHN,China,1.052125
CUB,Cuba,1.437
CZE,Czechia,1.5812499999999998
EST,Estonia,1.40625
FIN,Finland,1.3137500000000002
GRC,Greece,1.3425
HRV,Croatia,1.5
HUN,Hungary,1.545
ITA,Italy,1.22125
JPN,Japan,1.24375
KOR,Korea,0.760625
LVA,Latvia,1.4375
MLT,Malta,1.0825
NZL,New Zealand,1.60125
POL,Poland,1.2414999999999998
SVN,Slovenia,1.54625
UKR,Ukraine,1.00725
